,antecedents,consequents,antecedent support,consequent support,support,confidence,lift,leverage,conviction
0,whole milk,beef,0.25551601423487547,0.05246568378240976,0.02125063548551093,0.08316752884998009,1.5851795469758803,0.007844813081322243,1.0334868648675366
1,beef,whole milk,0.05246568378240976,0.25551601423487547,0.02125063548551093,0.4050387596899225,1.5851795469758803,0.007844813081322243,1.2513151031101117
2,bottled water,other vegetables,0.11052364006100661,0.1934926283680732,0.024809354346720894,0.22447102115915363,1.1601011524436553,0.0034238447345098545,1.0399448552359483
3,other vegetables,bottled water,0.1934926283680732,0.11052364006100661,0.024809354346720894,0.1282186022070415,1.1601011524436553,0.0034238447345098545,1.020297476168719
4,bottled water,rolls/buns,0.11052364006100661,0.18393492628368074,0.024199288256227757,0.21895124195032198,1.1903733911450616,0.003870130669002443,1.0448324324259588
5,rolls/buns,bottled water,0.18393492628368074,0.11052364006100661,0.024199288256227757,0.13156440022111662,1.1903733911450616,0.003870130669002443,1.024228348268389
6,soda,bottled water,0.17437722419928825,0.11052364006100661,0.028978139298423997,0.1661807580174927,1.5035765916302124,0.009705333736184412,1.0667496204862754
7,bottled water,soda,0.11052364006100661,0.17437722419928825,0.028978139298423997,0.2621895124195032,1.5035765916302124,0.009705333736184412,1.1190174031114386
8,bottled water,whole milk,0.11052364006100661,0.25551601423487547,0.03436705643111337,0.31094756209751606,1.2169396232507244,0.0061264964439949506,1.0804460514375038
9,whole milk,bottled water,0.25551601423487547,0.11052364006100661,0.03436705643111337,0.13450059689614005,1.2169396232507244,0.0061264964439949506,1.027703031046754
10,bottled water,yogurt,0.11052364006100661,0.13950177935943062,0.022979156075241484,0.20791168353265868,1.4903873232825786,0.0075609116254498135,1.0863665108435527
11,yogurt,bottled water,0.13950177935943062,0.11052364006100661,0.022979156075241484,0.16472303206997083,1.4903873232825788,0.0075609116254498135,1.0648879283039259
12,whole milk,brown bread,0.25551601423487547,0.06487036095577021,0.02521606507371632,0.09868682849184242,1.5212930379581036,0.00864064900032023,1.0375191094561365
13,brown bread,whole milk,0.06487036095577021,0.25551601423487547,0.02521606507371632,0.3887147335423197,1.5212930379581036,0.00864064900032023,1.2178994433798704
14,other vegetables,butter,0.1934926283680732,0.05541433655312659,0.020030503304524657,0.10352075669994745,1.868122279163272,0.0093082376755872,1.0536614991438453
15,butter,other vegetables,0.05541433655312659,0.1934926283680732,0.020030503304524657,0.3614678899082569,1.868122279163272,0.0093082376755872,1.2630647055729887
16,whole milk,butter,0.25551601423487547,0.05541433655312659,0.02755465175394001,0.1078392359729407,1.9460530014566455,0.013395401346415137,1.0587617182167677
17,butter,whole milk,0.05541433655312659,0.25551601423487547,0.02755465175394001,0.4972477064220184,1.9460530014566455,0.013395401346415137,1.4808166870145727
18,citrus fruit,other vegetables,0.08276563294356888,0.1934926283680732,0.02887646161667514,0.34889434889434895,1.8031402634660652,0.01286192175987681,1.2386735858648839
19,other vegetables,citrus fruit,0.1934926283680732,0.08276563294356888,0.02887646161667514,0.14923804519180242,1.803140263466065,0.01286192175987681,1.078132798337485
20,whole milk,citrus fruit,0.25551601423487547,0.08276563294356888,0.030503304524656837,0.11937922801432549,1.4423767905662055,0.009355359879289413,1.0415770286546822
21,citrus fruit,whole milk,0.08276563294356888,0.25551601423487547,0.030503304524656837,0.36855036855036855,1.4423767905662055,0.009355359879289413,1.179007712865392
22,yogurt,citrus fruit,0.13950177935943062,0.08276563294356888,0.021657346212506354,0.15524781341107868,1.875752143609286,0.010111393147068985,1.0858028918045068
23,citrus fruit,yogurt,0.08276563294356888,0.13950177935943062,0.021657346212506354,0.2616707616707617,1.8757521436092865,0.010111393147068985,1.1654668079890573
24,whole milk,curd,0.25551601423487547,0.05327910523640061,0.026131164209456024,0.10226820533227217,1.919480533287971,0.012517499597450459,1.0545698619418995
25,curd,whole milk,0.05327910523640061,0.25551601423487547,0.026131164209456024,0.4904580152671756,1.9194805332879712,0.012517499597450459,1.4610846761832408
26,other vegetables,domestic eggs,0.1934926283680732,0.06344687341128623,0.02226741230299949,0.11508145034156594,1.8138238206879822,0.0099909100049133,1.0583495248802388
27,domestic eggs,other vegetables,0.06344687341128623,0.1934926283680732,0.02226741230299949,0.35096153846153844,1.8138238206879824,0.0099909100049133,1.2426187651810428
28,whole milk,domestic eggs,0.25551601423487547,0.06344687341128623,0.029994916115912557,0.11738957421408674,1.8502026640954214,0.013783223906196004,1.061117225932118
29,domestic eggs,whole milk,0.06344687341128623,0.25551601423487547,0.029994916115912557,0.47275641025641024,1.8502026640954214,0.013783223906196004,1.4120304167703273
30,whole milk,frankfurter,0.25551601423487547,0.058973055414336555,0.020538891713268937,0.08038201352964583,1.3630294880414944,0.0054703316465452186,1.023280273363813
31,frankfurter,whole milk,0.058973055414336555,0.25551601423487547,0.020538891713268937,0.3482758620689655,1.3630294880414944,0.0054703316465452186,1.1423299252480745
32,whole milk,frozen vegetables,0.25551601423487547,0.04809354346720895,0.02043721403152008,0.07998408276959808,1.6630939831691272,0.008148543494347116,1.0346630299597335
33,frozen vegetables,whole milk,0.04809354346720895,0.25551601423487547,0.02043721403152008,0.4249471458773784,1.6630939831691272,0.008148543494347116,1.2946357546577347
34,fruit/vegetable juice,other vegetables,0.0722928317234367,0.1934926283680732,0.021047280122013217,0.2911392405063291,1.5046528798632406,0.007059150099674626,1.1377514706950396
35,other vegetables,fruit/vegetable juice,0.1934926283680732,0.0722928317234367,0.021047280122013217,0.10877561744613767,1.5046528798632406,0.007059150099674626,1.0409355785556014
36,whole milk,fruit/vegetable juice,0.25551601423487547,0.0722928317234367,0.026639552618200304,0.10425785913251093,1.4421604002366315,0.008167576398475197,1.0356855237134623
37,fruit/vegetable juice,whole milk,0.0722928317234367,0.25551601423487547,0.026639552618200304,0.36849507735583686,1.4421604002366317,0.008167576398475197,1.1789044852539055
38,margarine,whole milk,0.05856634468734113,0.25551601423487547,0.024199288256227757,0.4131944444444444,1.6170980346641903,0.009234649293412478,1.2687064372802122
39,whole milk,margarine,0.25551601423487547,0.05856634468734113,0.024199288256227757,0.09470752089136489,1.6170980346641903,0.009234649293412478,1.0399220992530602
40,whole milk,newspapers,0.25551601423487547,0.07981698017285206,0.027351296390442297,0.10704337445284519,1.3411103028582578,0.0069567797484110586,1.0304901643607944
41,newspapers,whole milk,0.07981698017285206,0.25551601423487547,0.027351296390442297,0.34267515923566877,1.3411103028582578,0.0069567797484110586,1.1325967612899666
42,pastry,other vegetables,0.08896797153024912,0.1934926283680732,0.02257244534824606,0.2537142857142857,1.3112348922753547,0.005357798696282251,1.0806951763827504
43,other vegetables,pastry,0.1934926283680732,0.08896797153024912,0.02257244534824606,0.11665790856542302,1.3112348922753547,0.005357798696282251,1.031346787732264
44,pip fruit,other vegetables,0.07564819522114896,0.1934926283680732,0.026131164209456024,0.3454301075268817,1.7852365252374574,0.011493796084814796,1.2321180379756747
45,other vegetables,pip fruit,0.1934926283680732,0.07564819522114896,0.026131164209456024,0.1350499211770888,1.7852365252374574,0.011493796084814796,1.0686764790365453
46,other vegetables,pork,0.1934926283680732,0.05765124555160142,0.021657346212506354,0.11192853389385181,1.9414764212452074,0.010502255182033807,1.061118153677694
47,pork,other vegetables,0.05765124555160142,0.1934926283680732,0.021657346212506354,0.37566137566137564,1.9414764212452071,0.010502255182033807,1.2917787562579164
48,rolls/buns,other vegetables,0.18393492628368074,0.1934926283680732,0.042602948652770714,0.23161967938087338,1.1970465300635258,0.007012896317453533,1.0496200253828456
49,other vegetables,rolls/buns,0.1934926283680732,0.18393492628368074,0.042602948652770714,0.22017866526537044,1.1970465300635258,0.007012896317453533,1.046476977952935
50,other vegetables,root vegetables,0.1934926283680732,0.10899847483477376,0.047381799694966954,0.24487651077246453,2.2466049285887957,0.026291398311075295,1.1799414769585426
51,root vegetables,other vegetables,0.10899847483477376,0.1934926283680732,0.047381799694966954,0.43470149253731344,2.2466049285887952,0.026291398311075295,1.4266929082333752
52,sausage,other vegetables,0.09395017793594305,0.1934926283680732,0.026944585663446874,0.2867965367965368,1.4822091116100575,0.008765918798973094,1.1308236895112296
53,other vegetables,sausage,0.1934926283680732,0.09395017793594305,0.026944585663446874,0.13925380977404098,1.4822091116100575,0.008765918798973094,1.052632973985287
54,other vegetables,shopping bags,0.1934926283680732,0.09852567361464158,0.023182511438739197,0.11981082501313715,1.21603659855955,0.004118519889307278,1.0241824734993057
55,shopping bags,other vegetables,0.09852567361464158,0.1934926283680732,0.023182511438739197,0.23529411764705885,1.21603659855955,0.004118519889307278,1.054663485980212
56,other vegetables,tropical fruit,0.1934926283680732,0.10493136756481952,0.035892221657346214,0.18549658434051497,1.7677896385551983,0.015588775548972898,1.0989132951768699
57,tropical fruit,other vegetables,0.10493136756481952,0.1934926283680732,0.035892221657346214,0.34205426356589147,1.7677896385551983,0.015588775548972898,1.2257961819206897
58,other vegetables,whipped/sour cream,0.1934926283680732,0.07168276563294357,0.02887646161667514,0.14923804519180242,2.081923651718265,0.0150063748856643,1.0911597881411417
59,whipped/sour cream,other vegetables,0.07168276563294357,0.1934926283680732,0.02887646161667514,0.40283687943262414,2.081923651718265,0.0150063748856643,1.3505646009513264
60,whole milk,other vegetables,0.25551601423487547,0.1934926283680732,0.07483477376715811,0.2928770393951452,1.5136340948246205,0.025394308582718045,1.140547566072612
61,other vegetables,whole milk,0.1934926283680732,0.25551601423487547,0.07483477376715811,0.38675775091960063,1.5136340948246207,0.025394308582718045,1.2140128748166512
62,yogurt,other vegetables,0.13950177935943062,0.1934926283680732,0.04341637010676157,0.3112244897959184,1.6084565723294046,0.016423804156482313,1.1709292210359827
63,other vegetables,yogurt,0.1934926283680732,0.13950177935943062,0.04341637010676157,0.22438255386232264,1.6084565723294044,0.016423804156482313,1.10943639151694
64,rolls/buns,pastry,0.18393492628368074,0.08896797153024912,0.02094560244026436,0.11387506909894968,1.2799557766721943,0.004581285155239381,1.028107884904416
65,pastry,rolls/buns,0.08896797153024912,0.18393492628368074,0.02094560244026436,0.2354285714285714,1.2799557766721943,0.004581285155239381,1.0673496853539304
66,soda,pastry,0.17437722419928825,0.08896797153024912,0.021047280122013217,0.1206997084548105,1.3566647230320699,0.0055332922039270736,1.0360874859586358
67,pastry,soda,0.08896797153024912,0.17437722419928825,0.021047280122013217,0.23657142857142854,1.3566647230320699,0.0055332922039270736,1.0814669593197945
68,whole milk,pastry,0.25551601423487547,0.08896797153024912,0.033248601931875954,0.1301233585356148,1.4625865499403103,0.010515860451904824,1.0473117509352625
69,pastry,whole milk,0.08896797153024912,0.25551601423487547,0.033248601931875954,0.3737142857142857,1.4625865499403103,0.010515860451904824,1.188728991869496
70,pip fruit,tropical fruit,0.07564819522114896,0.10493136756481952,0.02043721403152008,0.2701612903225806,2.5746475681420353,0.012499345453154474,1.2263923803531753
71,tropical fruit,pip fruit,0.10493136756481952,0.07564819522114896,0.02043721403152008,0.1947674418604651,2.5746475681420353,0.012499345453154474,1.147931483191064
72,whole milk,pip fruit,0.25551601423487547,0.07564819522114896,0.030096593797661414,0.1177875049741345,1.5570431605115762,0.010767268470691677,1.0477654873293878
73,pip fruit,whole milk,0.07564819522114896,0.25551601423487547,0.030096593797661414,0.3978494623655914,1.5570431605115762,0.010767268470691677,1.2363751906456533
74,whole milk,pork,0.25551601423487547,0.05765124555160142,0.022165734621250637,0.08674890569040987,1.5047186727780972,0.007434918142229347,1.03186162088402
75,pork,whole milk,0.05765124555160142,0.25551601423487547,0.022165734621250637,0.3844797178130512,1.504718672778097,0.007434918142229347,1.2095198278762913
76,rolls/buns,root vegetables,0.18393492628368074,0.10899847483477376,0.024300965937976614,0.13211719181868434,1.2121012887469782,0.00425233950420887,1.026638063072544
77,root vegetables,rolls/buns,0.10899847483477376,0.18393492628368074,0.024300965937976614,0.22294776119402987,1.2121012887469782,0.00425233950420887,1.0502061933059954
78,rolls/buns,sausage,0.18393492628368074,0.09395017793594305,0.030604982206405694,0.1663902708678828,1.771047958858904,0.013324263153419318,1.086899289200185
79,sausage,rolls/buns,0.09395017793594305,0.18393492628368074,0.030604982206405694,0.3257575757575758,1.7710479588589043,0.013324263153419318,1.210343704837687
80,soda,rolls/buns,0.17437722419928825,0.18393492628368074,0.03833248601931876,0.21982507288629738,1.1951241524802292,0.006258424140669808,1.0460026916468517
81,rolls/buns,soda,0.18393492628368074,0.17437722419928825,0.03833248601931876,0.2084024322830293,1.1951241524802292,0.006258424140669808,1.0429829618879103
82,rolls/buns,tropical fruit,0.18393492628368074,0.10493136756481952,0.024605998983223184,0.1337755666113875,1.274886334906004,0.005305455625342296,1.033298759460907
83,tropical fruit,rolls/buns,0.10493136756481952,0.18393492628368074,0.024605998983223184,0.23449612403100775,1.274886334906004,0.005305455625342296,1.0660495646522044
84,whole milk,rolls/buns,0.25551601423487547,0.18393492628368074,0.05663446873411286,0.22164743334659767,1.2050317893663836,0.009636149491521126,1.0484517025813447
85,rolls/buns,whole milk,0.18393492628368074,0.25551601423487547,0.05663446873411286,0.30790491984521834,1.2050317893663836,0.009636149491521126,1.0756961104226122
86,yogurt,rolls/buns,0.13950177935943062,0.18393492628368074,0.03436705643111337,0.2463556851311953,1.339363274331291,0.0087078069281942,1.0828252235384817
87,rolls/buns,yogurt,0.18393492628368074,0.13950177935943062,0.03436705643111337,0.18684355997788832,1.339363274331291,0.0087078069281942,1.0582197696388784
88,tropical fruit,root vegetables,0.10493136756481952,0.10899847483477376,0.021047280122013217,0.2005813953488372,1.8402220366192295,0.00960992109512084,1.1145619078430467
89,root vegetables,tropical fruit,0.10899847483477376,0.10493136756481952,0.021047280122013217,0.19309701492537312,1.8402220366192292,0.00960992109512084,1.1092642473647554
90,whole milk,root vegetables,0.25551601423487547,0.10899847483477376,0.048906964921199794,0.19140469558296855,1.75603095247994,0.021056109073738026,1.1019128113879004
91,root vegetables,whole milk,0.10899847483477376,0.25551601423487547,0.048906964921199794,0.44869402985074625,1.7560309524799398,0.021056109073738026,1.3504007322169433
92,yogurt,root vegetables,0.13950177935943062,0.10899847483477376,0.025826131164209457,0.18513119533527697,1.6984750989948219,0.010620649977294398,1.0934294208646604
93,root vegetables,yogurt,0.10899847483477376,0.13950177935943062,0.025826131164209457,0.2369402985074627,1.6984750989948219,0.010620649977294398,1.1276944896414307
94,soda,sausage,0.17437722419928825,0.09395017793594305,0.024300965937976614,0.13935860058309038,1.483324498630621,0.007918194696477646,1.0527611414904183
95,sausage,soda,0.09395017793594305,0.17437722419928825,0.024300965937976614,0.25865800865800864,1.483324498630621,0.007918194696477646,1.1136867807881132
96,whole milk,sausage,0.25551601423487547,0.09395017793594305,0.0298932384341637,0.11699164345403898,1.2452519625221574,0.005887463431314192,1.026094277984216
97,sausage,whole milk,0.09395017793594305,0.25551601423487547,0.0298932384341637,0.3181818181818182,1.2452519625221574,0.005887463431314192,1.0919098457888492
98,soda,shopping bags,0.17437722419928825,0.09852567361464158,0.024605998983223184,0.14110787172011663,1.4321939302036606,0.007425365505936931,1.0495780514262658
99,shopping bags,soda,0.09852567361464158,0.17437722419928825,0.024605998983223184,0.2497420020639835,1.4321939302036606,0.007425365505936931,1.1004518153382252
100,soda,tropical fruit,0.17437722419928825,0.10493136756481952,0.020843924758515507,0.11953352769679301,1.1391591520329063,0.002546284151127051,1.0165845726002216
101,tropical fruit,soda,0.10493136756481952,0.17437722419928825,0.020843924758515507,0.1986434108527132,1.1391591520329063,0.002546284151127051,1.0302813840705376
102,soda,yogurt,0.17437722419928825,0.13950177935943062,0.027351296390442297,0.15685131195335278,1.1243678229309215,0.0030253633348832215,1.0205770735813116
103,yogurt,soda,0.13950177935943062,0.17437722419928825,0.027351296390442297,0.19606413994169095,1.1243678229309215,0.0030253633348832215,1.0269759278318917
104,whole milk,tropical fruit,0.25551601423487547,0.10493136756481952,0.04229791560752415,0.16553919617986468,1.5775949558420244,0.015486270799146773,1.0726311269955213
105,tropical fruit,whole milk,0.10493136756481952,0.25551601423487547,0.04229791560752415,0.40310077519379844,1.5775949558420244,0.015486270799146773,1.2472523917363776
106,yogurt,tropical fruit,0.13950177935943062,0.10493136756481952,0.029283172343670564,0.20991253644314867,2.0004746084480303,0.014645059857759797,1.1328728447426821
107,tropical fruit,yogurt,0.10493136756481952,0.13950177935943062,0.029283172343670564,0.27906976744186046,2.0004746084480303,0.014645059857759797,1.1935943060498222
108,whole milk,whipped/sour cream,0.25551601423487547,0.07168276563294357,0.032231825114387394,0.12614405093513728,1.7597542424781207,0.013915730550524943,1.0623229553572007
109,whipped/sour cream,whole milk,0.07168276563294357,0.25551601423487547,0.032231825114387394,0.449645390070922,1.759754242478121,0.013915730550524943,1.3527350772278683
110,yogurt,whipped/sour cream,0.13950177935943062,0.07168276563294357,0.02074224707676665,0.14868804664723032,2.0742509769865394,0.010742373721565982,1.090454833520207
111,whipped/sour cream,yogurt,0.07168276563294357,0.13950177935943062,0.02074224707676665,0.2893617021276596,2.0742509769865394,0.010742373721565982,1.210880729643915
112,whole milk,yogurt,0.25551601423487547,0.13950177935943062,0.05602440264361973,0.21925984878631116,1.5717351405345263,0.020379464003024997,1.1021569971813203
113,yogurt,whole milk,0.13950177935943062,0.25551601423487547,0.05602440264361973,0.40160349854227406,1.5717351405345266,0.020379464003024997,1.244131581570951
114,"whole milk, other vegetables",root vegetables,0.07483477376715811,0.10899847483477376,0.023182511438739197,0.30978260869565216,2.84208204899416,0.015025635233513626,1.2908998474834772
115,"whole milk, root vegetables",other vegetables,0.048906964921199794,0.1934926283680732,0.023182511438739197,0.47401247401247404,2.4497701954349353,0.013719374250631092,1.5333203389523984
116,"other vegetables, root vegetables",whole milk,0.047381799694966954,0.25551601423487547,0.023182511438739197,0.4892703862660944,1.9148325702057454,0.011075702833406004,1.4576871317922186
117,whole milk,"other vegetables, root vegetables",0.25551601423487547,0.047381799694966954,0.023182511438739197,0.09072821329088739,1.9148325702057456,0.011075702833406004,1.0476715699634784
118,other vegetables,"whole milk, root vegetables",0.1934926283680732,0.048906964921199794,0.023182511438739197,0.11981082501313715,2.4497701954349353,0.013719374250631092,1.0805552511969891
119,root vegetables,"whole milk, other vegetables",0.10899847483477376,0.07483477376715811,0.023182511438739197,0.2126865671641791,2.84208204899416,0.015025635233513626,1.1750913773952685
120,"yogurt, other vegetables",whole milk,0.04341637010676157,0.25551601423487547,0.02226741230299949,0.5128805620608898,2.0072345116867694,0.01117383446077358,1.528339720777443
121,"yogurt, whole milk",other vegetables,0.05602440264361973,0.1934926283680732,0.02226741230299949,0.39745916515426494,2.0541307878571704,0.01142710338273428,1.3385107282204567
122,"whole milk, other vegetables",yogurt,0.07483477376715811,0.13950177935943062,0.02226741230299949,0.2975543478260869,2.132978870896184,0.011827828204520493,1.225003269615975
123,yogurt,"whole milk, other vegetables",0.13950177935943062,0.07483477376715811,0.02226741230299949,0.1596209912536443,2.132978870896184,0.011827828204520493,1.1008904513369115
124,other vegetables,"yogurt, whole milk",0.1934926283680732,0.05602440264361973,0.02226741230299949,0.11508145034156594,2.0541307878571704,0.01142710338273428,1.06673726945914
125,whole milk,"yogurt, other vegetables",0.25551601423487547,0.04341637010676157,0.02226741230299949,0.08714683645045761,2.0072345116867694,0.01117383446077358,1.0479052580303871
